Review Text,Review Date,Helpful Votes,Verified Purchase,Imp_Words,Sentiment,Sentiment Score,Positive_Sentence_Count,Negative_Sentence_Count,Neutral_Sentence_Count,Reliability
"The AirPods arrived in excellent condition with no scratches or damages whatsoever, after using it for 1 month the sound quality is amazing and the exact same since the start, the battery life is also good. It fits in my ear nicely but is kind of loose if I‚Äôm playing sports which is expected. It functions well out of the box and keeps consistent, it‚Äôs easy to use as you can connect it to your device really easily and find it if it‚Äôs lost using the find my app. Overall a very good product, you should go for it",Reviewed in India on 15 March 2025,6,Yes,45,POSITIVE,0.45,4,0,0,RELIABLE
"Its not showing pop on my iphone or ipad and even showing TWS in bluetooth setting .
Possibly Fake .
Not returnable.
Don‚Äôt buy .",Reviewed in India on 10 April 2025,7,Yes,12,NEGATIVE,-0.675,0,4,0,RELIABLE
"Impressive! One of the best wireless EarPods on earth. If like me, you are not a fan of rubber or silicon eartips, this is best AirPods that you can buy. The sound quality is amazing. I‚Äôm surprised and in love with the clarity of sound, Spatial Audio is super impressive. What‚Äôs most surprising is even though it doesn‚Äôt have the silicon tips, the bass is just wow. I‚Äôm super happy with these AirPods. I have used AirPods, AirPods Pro 1 and 2. This one ranks right on top.",Reviewed in India on 11 February 2025,27,Yes,49,POSITIVE,0.5,7,1,1,RELIABLE
Noise cancellation not thr is product not buy plz return also not thr worst service cable not available,Reviewed in India on 24 February 2025,0,Yes,11,NEGATIVE,-0.8,0,1,0,RELIABLE
"my primary usage is to dictate messages on WhatsApp and emails. The AirPods four does that perfectly. It integrates beautifully with the iOS dictation feature. I have tried at least a dozen other Bluetooth products, at prices equal to or lower than AirPods four,but everyone has lagged in dictation with many spelling mistakes. on bad networks, you can forget about trying to dictate even short sentences on any non-Apple Bluetooth device.

You can switch between Apple devices so seamlessly, it is almost magic.

There are so many nifty touches in iOS, which remind you that you are using an AirPod and not any other Bluetooth device. It feels very nice.

As somebody who also owns a pixel, I can confirm that AirPods are not much fun outside of Apple ecosystem. In fact at this price point, the in ear fit is quite pathetic for somebody like me with large ears.

This is the first Bluetooth device in years that I cannot wear while jogging because it feels so loose in my ears.

If you have the money, you can go all the way to AirPods Pro two. The pricing is Classic Apple, where this product is very nice, but the top and product is simply amazing.

The build quality is perfect, and as you can see in the video, the magnetic lock on the AirPods in the case is super duper strong.",Reviewed in India on 17 December 2024,0,Yes,129,POSITIVE,0.111,8,5,1,UNRELIABLE
"I am using these airpods 4 from 5 months. The Design, Quality and durability is good. The Automatic switching between the devices is Awesome.",Reviewed in India on 7 April 2025,0,Yes,12,POSITIVE,0.55,3,0,0,RELIABLE
This isn‚Äôt worth the price. A 5k realme buds can perform the same if not better,Reviewed in India on 30 March 2025,0,Yes,6,NEUTRAL,0.05,1,1,0,UNRELIABLE
AirPods were excellent,Reviewed in India on 20 March 2025,0,Yes,2,POSITIVE,0.8,1,0,0,RELIABLE
"Good quality product . Fitment issues , may drop during exercises , long runs",Reviewed in India on 11 March 2025,0,Yes,9,NEUTRAL,0.1,1,1,0,UNRELIABLE
Sound quality very low comparison to boat Nirvana ion anc,Reviewed in India on 15 March 2025,0,Yes,8,NEGATIVE,-0.6,0,1,0,RELIABLE
Nice product,Reviewed in India on 13 April 2025,10,Yes,2,POSITIVE,0.7,1,0,0,RELIABLE
Amazing product ‚ù§Ô∏è,Reviewed in India on 8 April 2025,0,Yes,2,POSITIVE,0.8,1,0,0,RELIABLE
"Click to play video
Even after having the AirPods on my ear , I literally feel like it‚Äôs not there (had AirPods 2 before, that‚Äôs why I appreciate how small the stem is). how much ever YouTube reviews you see, when you receive it, it will still look and feel small (mind blown by how small it is).",Reviewed in India on 25 November 2024,2,Yes,21,NEGATIVE,-0.15,1,1,0,UNRELIABLE
Sound quality is good and battery life as well but again not for ANC users,Reviewed in India on 1 February 2025,0,Yes,11,NEUTRAL,0.1,1,0,0,UNRELIABLE
Very high quality airpods. Loved it,Reviewed in India on 29 March 2025,0,Yes,4,POSITIVE,0.9,2,0,0,RELIABLE
"Product is Apple iPhone 16e so given its enormous competition with Japan and South Korean phones a better presentation and literature is needed.
Product design does not allow it to locate inside the ear unlike the excellent fit of Jabra (both comfort, and ANC ) when you cannot change fit size and always slides out at night leaving you to grovel where it has gone in the dark.
It is not significantly better audio wise than the ipod2 pro which I own.",Reviewed in India on 10 March 2025,0,Yes,39,NEGATIVE,-0.367,0,3,0,RELIABLE
Inside package was dusty. Feel not good.,Reviewed in India on 17 March 2025,0,Yes,4,NEGATIVE,-0.45,0,2,0,RELIABLE
10/10 product,Reviewed in India on 17 March 2025,0,Yes,1,POSITIVE,1.0,1,0,0,RELIABLE
"Thoda loose lagta hai, but thik hai. Cost ke hisab se kuch itna bhi khaas nahi lagta.",Reviewed in India on 21 November 2024,0,Yes,15,NEUTRAL,0.0,1,0,1,UNRELIABLE
As i upgraded from airpods 2 its good but and fitting is very good but still sound is low and it come without cable which sucks,Reviewed in India on 1 November 2024,5,Yes,11,NEGATIVE,-0.35,0,1,0,RELIABLE
"Works well with apple products but if need to connect to your windows laptop, there are issues (microphone does not work for me) and Apple support cannot help you unless you are connecting to an Apple device. No point in buying from Amazon as Amazon is useless for this transaction. Does not help with replacement or return or anything. We just have to deal with Apple support or visit service center.",Reviewed in India on 24 January 2025,3,Yes,33,NEGATIVE,-0.65,0,4,0,RELIABLE
Its really an amazing product..It fits your ears and give you lot of comfort‚Ä¶.. Its easy to use ‚Ä¶ The functions are very simple and good to use,Reviewed in India on 11 February 2025,6,Yes,12,POSITIVE,0.5,3,0,0,RELIABLE
"All found perfectly fine, unless need to improve in finger touch",Reviewed in India on 13 February 2025,14,Yes,5,NEUTRAL,0.0,0,0,1,UNRELIABLE
Excellent Product,Reviewed in India on 15 February 2025,2,Yes,2,POSITIVE,1.0,1,0,0,RELIABLE
"Sound is amazing, noise cancellation working good but the case should have option of magnetic charging.",Reviewed in India on 21 September 2024,0,Yes,10,POSITIVE,0.7,1,0,0,RELIABLE
"I got it at Rs 11,999 with cash back offer and I think this is one of the best airpods out there with latest chip yet offering new features like head gesture on a non-pro airpods. Although it lacks ANC and wireless charging I think it is bank for the buck. It sits perfectly in my ear and I can wear for long without any discomfort. Battery life is descent. Pairing with both my iPhone and mac is so seamless. Totally recommended",Reviewed in India on 24 November 2024,0,Yes,47,POSITIVE,0.375,5,1,0,RELIABLE
"Better in terms of price, fit and sound quality than AirPods 3. If you like without silicone tip then you gonna love it!!",Reviewed in India on 27 January 2025,0,Yes,14,POSITIVE,0.8,2,0,0,RELIABLE
"Airports are working so bad I had very bad experience with this, a lot of noise I‚Äôm hearing when I‚Äôm on call please do me a favour replace this",Reviewed in India on 2 April 2025,0,Yes,15,NEGATIVE,-0.8,0,1,0,RELIABLE
"Please order directly from apple website , don‚Äôt order from amazon . My right earphones is not working. No assistance from amazon.",Reviewed in India on 11 April 2025,32,Yes,13,NEGATIVE,-0.4,1,2,0,RELIABLE
one of the best airpod. thank you for fast dlvry. loved it.,Reviewed in India on 10 January 2025,9,Yes,7,POSITIVE,0.233,3,0,0,RELIABLE
Nice Qulaity of Sound and ANC is very good,Reviewed in India on 14 January 2025,9,Yes,7,NEUTRAL,0.0,1,0,0,UNRELIABLE
Should Amazon not spell out boldly that the cable usb is not included in the packet. Should it also not state that people often buy usb cable with it. Also that it would not fit into the charging port in the car. Both apple and Amazon come out in very poor light in this buy. Lo and behold shall need a new adapter too as the older one has been altered and yet again no mention of it before the unsuspecting buyers. So that‚Äôs 5000/- more to be spent. Shameful behaviour of supposedly well reputed companies.,Reviewed in India on 15 January 2025,3,Yes,48,POSITIVE,0.257,0,6,1,RELIABLE
"Loved the ease of pairing and sound quality!
The silicone case was bought separately.",Reviewed in India on 26 December 2024,0,Yes,7,NEUTRAL,0.0,1,0,1,UNRELIABLE
"Item is good, but Amazon is sending badly packaged products",Reviewed in India on 8 April 2025,0,Yes,5,NEGATIVE,-0.3,0,1,0,RELIABLE
"I have tried all kinds of earbuds but nothing beats the Apple AirPods 4.
Sound quality is superb with active noise cancellation.
Also receiving and answering calls is very clear on the AirPods 4
It‚Äôs a 5 star review from me.",Reviewed in India on 8 November 2024,0,Yes,21,POSITIVE,0.533,3,0,0,RELIABLE
It‚Äôs ok for show off. It sounds good in quiet places. But it‚Äôs worse in crowd. Sound leakage will be there if volume is above 70%. I suggest to take Airpods 4 with ANC which costs 4k more.,Reviewed in India on 5 November 2024,0,Yes,20,NEGATIVE,-0.24,1,3,1,RELIABLE
"Sound Quality is Excellent.
Value for money
Small size easy to carry",Reviewed in India on 17 December 2024,0,Yes,9,POSITIVE,0.85,2,0,0,RELIABLE
"Its good product but just because its ""Apple"" its costly. Otherwise there are other similar products in market which gives same experiance with half price. I would suggest dont waste money here.",Reviewed in India on 6 March 2025,16,Yes,18,NEGATIVE,-0.583,0,3,0,RELIABLE
Little bit worried either product is fake or not. Once after got delivered i came to that its a original product.,Reviewed in India on 1 November 2024,5,Yes,10,NEGATIVE,-0.3,1,1,0,RELIABLE
Very good and comfortable fit in the ears. It doesn‚Äôt feel like they are in the ears. So lightweight and good sound quality and features like head gestures. It‚Äôs my first ever airpods and i am actually impressed by it‚Äôs performance.,Reviewed in India on 23 September 2024,45,Yes,23,POSITIVE,0.475,3,1,0,RELIABLE
"This airpod is not meant for everyone one. One basic thing which Apple forgot in their design and sellers just want to make money without any prior warnings. Yes, this doesn‚Äôt fit properly into the ears and frequently falls off from the ears. For people who have no issues with the fit, congrats! Return options also are not friendly. Such a waste of money. I wish there was a negative star rating!",Reviewed in India on 24 November 2024,24,Yes,39,NEGATIVE,-0.393,1,6,0,RELIABLE
Suggesting you not to buy and it lacks design and won't fit in your ears. Its listing should be removed from amazon.,Reviewed in India on 28 February 2025,12,Yes,6,NEGATIVE,-0.7,0,2,0,RELIABLE
Very good to use,Reviewed in India on 22 November 2024,0,Yes,2,POSITIVE,0.75,1,0,0,RELIABLE
sounds good,Reviewed in India on 29 November 2024,3,Yes,1,POSITIVE,0.5,1,0,0,RELIABLE
"fake AirPods product.
I already have Apple AirPods,
and I can clearly see the difference.
The seller is fooling customers.",Reviewed in India on 20 February 2025,4,Yes,10,NEGATIVE,-0.133,1,2,0,UNRELIABLE
Good Product for price,Reviewed in India on 10 November 2024,0,Yes,4,POSITIVE,0.7,1,0,0,RELIABLE
Please avoid wasting 12000 rupees. Very average product. Best buy something else.,Reviewed in India on 28 February 2025,3,Yes,7,NEGATIVE,-0.467,0,3,0,RELIABLE
"Best in this price segment loved it , clarity is awesome.",Reviewed in India on 21 October 2024,4,Yes,6,NEUTRAL,0.0,1,0,0,UNRELIABLE
Waste of money,Reviewed in India on 10 March 2025,4,Yes,3,NEGATIVE,-0.8,0,1,0,RELIABLE
Nice product,Reviewed in India on 30 September 2024,21,Yes,2,POSITIVE,0.7,1,0,0,RELIABLE
"Apple has designed this very badly. It does not sit into the ears and does not have an ergonomic design for the ears‚Ä¶ earlier AirPods were well designed but apple didn't support us with battery replacements ‚Ä¶
Also it has shrill noise while we hear",Reviewed in India on 28 October 2024,0,Yes,19,NEGATIVE,-0.35,0,2,0,RELIABLE
not working. Though just about three months old.,Reviewed in India on 4 February 2025,3,Yes,5,NEGATIVE,-0.3,1,1,0,RELIABLE
"Pathetic product by Apple
Worst sound quality, total waste of money",Reviewed in India on 27 January 2025,2,Yes,11,NEGATIVE,-1.0,0,1,0,RELIABLE
"I don‚Äôt like this product, Please I want to take back my money.",Reviewed in India on 23 January 2025,31,Yes,5,NEGATIVE,-0.8,0,1,0,RELIABLE
"Product didn‚Äôt work properly No one is helping, Amazon is not providing support, the product has turned out to be defective, no one is providing replacement.
You are saying that you are going to Apple Service Center and you are checking there to get the denial letter.",Reviewed in India on 22 October 2024,0,Yes,17,NEGATIVE,-0.5,0,1,1,RELIABLE
Do not buy this as this is very inconvenient to use. Go to Airpods pro only,Reviewed in India on 9 January 2025,0,Yes,6,NEGATIVE,-0.25,1,1,0,RELIABLE
"Please try before you buy. It was not a good fit for my ears, I have already lost one of my buds. It may be a best fit for your ears. Quality is good.",Reviewed in India on 14 November 2024,10,Yes,15,POSITIVE,0.162,2,1,1,UNRELIABLE
"This not at mark product, very slippery surface. not fitted in the ear. do not have noise cancellation. mic quality is poor. do not delivered voice as expected. It is very poor product by apple.",Reviewed in India on 15 November 2024,41,Yes,19,NEGATIVE,-0.66,0,5,0,RELIABLE
"Never trust Amazon and buy things , it‚Äôs defective new piece and can‚Äôt even return or exchange !!!",Reviewed in India on 10 December 2024,6,Yes,8,NEGATIVE,-1.0,0,1,0,RELIABLE
"There is no quality and no value for money
There is no response for return request after 24 hrs",Reviewed in India on 3 December 2024,5,Yes,10,NEGATIVE,-0.85,0,1,0,RELIABLE
Below standards useless worth less don't purchase I did a mistake if you too best of luck,Reviewed in India on 6 December 2024,4,Yes,10,NEGATIVE,-1.0,0,1,0,RELIABLE
"I have placed this airpods just because of the quality of sound.
But i can‚Äôt even talk over call clearly.
My voice is not clear to receiver.",Reviewed in India on 19 November 2024,43,Yes,12,NEGATIVE,-0.133,1,2,0,UNRELIABLE
It‚Äôs fake iPods,Reviewed in India on 8 January 2025,4,Yes,2,NEGATIVE,-0.75,0,1,0,RELIABLE
"I RECEIVED PRODUCT WITH SEAL BROKE BOX(SEAL OF BOX WAS ALREADY BROKE
(",Reviewed in India on 19 November 2024,5,Yes,6,NEGATIVE,-0.6,0,1,0,RELIABLE
worst ever and no support on return from amazon dont buy,Reviewed in India on 12 November 2024,5,Yes,7,NEGATIVE,-1.0,0,1,0,RELIABLE
they are send me the another one bad quality,Reviewed in India on 14 November 2024,3,Yes,3,NEGATIVE,-0.65,0,1,0,RELIABLE
"Product is not good, I am not receiving airports charger & bill.",Reviewed in India on 17 October 2024,7,Yes,5,NEGATIVE,-0.8,0,1,0,RELIABLE
sound quality is bad really bad,Reviewed in India on 20 September 2024,50,Yes,5,NEGATIVE,-0.8,0,1,0,RELIABLE
"Good product use nahi kiya lekin dikhta accha hai thankyou amazon!!!! The design is very impressive
-warm regards
Abhay sharma",Reviewed in India on 17 February 2025,0,No,16,POSITIVE,0.25,1,1,0,RELIABLE
Absolutely rubbishüò°‚Ä¶.after buying apple AirPods 4 non anc model I got to know that it doesnt fit in my ears properly(even it tested on thousand earsüò°)‚Ä¶.apple pls provide atleast a dummy test model of every earphones you are selling‚Ä¶..,Reviewed in India on 14 December 2024,0,No,19,NEGATIVE,-0.85,0,1,0,RELIABLE
Verygood product most buy .....very good quality love the pricing and delivery process .....must buy everyone love the product thank you,Reviewed in India on 11 January 2025,0,No,10,NEUTRAL,0.0,1,0,0,UNRELIABLE
"I got it at Rs 11,999 with cash back offer and I think this is one of the best airpods out there with latest chip yet offering new features like head gesture on a non-pro airpods. Although it lacks ANC and wireless charging I think it is bank for the buck. It sits perfectly in my ear and I can wear for long without any discomfort. Battery life is descent. Pairing with both my iPhone and mac is so seamless. Totally recommended",Reviewed in India on 13 December 2024,0,No,47,POSITIVE,0.35,4,1,1,RELIABLE
The is nice in looks good sound quality great purchase valuebfor money nicely fits in ears so lightvin weight and feel,Reviewed in India on 13 December 2024,0,No,15,NEUTRAL,0.0,1,0,0,UNRELIABLE
"Don't buy headphones or AirPods from Apple. Mine stopped working after purchasing from Flipkart, and Apple is not responding at all.",Reviewed in India on 2 March 2025,0,No,11,NEGATIVE,-0.7,0,2,0,RELIABLE
"Does not fit properly, do not buy if you want to use it for running or any other physical activities. Sound quality is also ok ok, nothing great",Reviewed in India on 31 January 2025,5,No,11,NEGATIVE,-0.475,0,1,1,RELIABLE
worst earbuds don‚Äôt buy it the battery drains so fast you have to charge it every other day the earbuds don‚Äôt even fit in your ear they are so uncomfortable and keeps falling out again and again worst design to be made by them although they are light in weight but it‚Äôs performance and sound quality is shitty too i have been using them with my iphone 13 and i regret buying them total waste of my money and worst part is i can‚Äôt even return them please don‚Äôt buy it,Reviewed in India on 10 December 2024,0,No,38,NEGATIVE,-1.0,0,1,0,RELIABLE
"Not worthy of price , very bad product, instead by samsung product buds pro 2 better than this at same price",Reviewed in India on 19 January 2025,0,No,16,NEGATIVE,-0.85,0,1,0,RELIABLE
Earbird is very nice. I brought the Shop.. i paid more than twenty three thousand.. very costly but very comfortable n nice hearing.....,Reviewed in India on 21 October 2024,9,No,15,NEGATIVE,-0.117,1,1,1,UNRELIABLE
There have been a lot of fake copy of AirPods buy directly from Apple Store. They won‚Äôt fit yours ears either,Reviewed in India on 14 January 2025,4,No,12,NEGATIVE,-0.3,1,1,0,RELIABLE
I bought it from apple online store directly. Sound quality never listen before in any airphone like it. Connectivity for android phone also good but it's real feachers only for iPhone.,Reviewed in India on 28 November 2024,0,No,23,POSITIVE,0.188,3,1,0,UNRELIABLE
"Perfectly Designed for ears, light weighted, low in budget for those who are seeking for the same.

However I haven‚Äôt use them üòÇ",Reviewed in India on 1 October 2024,0,No,11,POSITIVE,0.425,1,0,1,RELIABLE
Bought from Reliance Digital for 11k. Worst product ever by Apple after iphone 16. Don‚Äôt buy. It‚Äôs better go for a cheap earphone i.e Nothing.,Reviewed in India on 13 December 2024,0,No,15,NEGATIVE,-0.6,0,3,1,RELIABLE
Poor bad worst every word is lesss for thiss. Not up to mark feel like cheap 500 buds.... Huj hji,Reviewed in India on 15 December 2024,4,No,12,NEGATIVE,-0.55,0,2,1,RELIABLE
"Typical apple product complete waste of money ...
Really disappointed ... Really expensive for a very cheap quality product .. waste",Reviewed in India on 6 December 2024,2,No,17,NEGATIVE,-0.85,0,1,0,RELIABLE
So much expensive if u give me for free then they are good .. don't look at this review I'm just here for timepass,Reviewed in India on 1 December 2024,4,No,13,NEGATIVE,-0.6,0,1,0,RELIABLE
Yesterday's technology at tomorrow's price i brought it sounds worse that my 1000 rupees iem very bad don't waste your money,Reviewed in India on 18 October 2024,17,No,11,NEGATIVE,-0.8,0,1,0,RELIABLE
"Fake product‚Ä¶.
duplicate product don‚Äôt buy this‚Ä¶.
Nakli ear buds hai bhai bilkul v mat lena, paisa barbad ho jayega‚Ä¶.üòñüò≠üò≠",Reviewed in India on 2 October 2024,13,No,17,NEGATIVE,-0.8,0,3,0,RELIABLE
Sound quality is very poor.2nd gen is best Ear pods .active noises cancellations is good but sound quality is not good,Reviewed in India on 22 September 2024,9,No,13,NEGATIVE,-0.7,0,1,0,RELIABLE
Badd audio and audio are the only things that I can hear from from this song in in my mind mind I,Reviewed in India on 22 September 2024,3,No,12,NEGATIVE,-0.3,0,1,1,RELIABLE
Good earphones but some improvements are necessary i hope they will work on them in the near future kudos chooms,Reviewed in India on 20 September 2024,10,No,9,POSITIVE,0.6,1,0,0,RELIABLE
"The Apple AirPods 4 with ANC is an absolute game changer. The noise cancellation is exceptional‚Äîwhile sitting in my car‚Äôs with noisy air blower running at full speed, I could only hear about 10% of the sound. This surpasses anything I‚Äôve ever experienced, even with brands like Bose, Samsung, Boat, and Beats. The compact size and premium Apple build further elevate the experience. Simply amazing! I'm blown away ü•πüòÄ",Reviewed in India on 20 September 2024,0,No,41,POSITIVE,0.7,6,0,0,RELIABLE
